URL,Title,Description
"https://signup-code.com/","Find Gear, Compare Specs, Browse on Amazon | Signup Code","Neutral guides and quick comparisons. Click through to browse on Amazon and check current availability."
"https://signup-code.com/guides/buying-tips.html","Buying Tips: How to Choose Tech & Home Gear | Signup Code","What to check before you buy—specs, fit, and use‑case. Then browse on Amazon to see current availability."
"https://signup-code.com/categories/usb-c-chargers.html","USB‑C Chargers — Neutral Guide & Amazon Browse | Signup Code","Quick guide for USB‑C Chargers: what to look for and how to choose. Browse on Amazon to check availability."
"https://signup-code.com/categories/power-banks.html","Power Banks — Neutral Guide & Amazon Browse | Signup Code","Quick guide for Power Banks: what to look for and how to choose. Browse on Amazon to check availability."
"https://signup-code.com/categories/noise-cancelling-headphones.html","Noise‑Cancelling Headphones — Neutral Guide & Amazon Browse | Signup Code","Quick guide for Noise‑Cancelling Headphones: what to look for and how to choose. Browse on Amazon to check availability."
"https://signup-code.com/categories/mechanical-keyboards.html","Mechanical Keyboards — Neutral Guide & Amazon Browse | Signup Code","Quick guide for Mechanical Keyboards: what to look for and how to choose. Browse on Amazon to check availability."
"https://signup-code.com/categories/air-purifiers.html","Air Purifiers — Neutral Guide & Amazon Browse | Signup Code","Quick guide for Air Purifiers: what to look for and how to choose. Browse on Amazon to check availability."
"https://signup-code.com/categories/robot-vacuums.html","Robot Vacuums — Neutral Guide & Amazon Browse | Signup Code","Quick guide for Robot Vacuums: what to look for and how to choose. Browse on Amazon to check availability."
"https://signup-code.com/categories/dash-cams.html","Dash Cams — Neutral Guide & Amazon Browse | Signup Code","Quick guide for Dash Cams: what to look for and how to choose. Browse on Amazon to check availability."
"https://signup-code.com/categories/baby-monitors.html","Baby Monitors — Neutral Guide & Amazon Browse | Signup Code","Quick guide for Baby Monitors: what to look for and how to choose. Browse on Amazon to check availability."
"https://signup-code.com/categories/office-chairs.html","Office Chairs — Neutral Guide & Amazon Browse | Signup Code","Quick guide for Office Chairs: what to look for and how to choose. Browse on Amazon to check availability."
"https://signup-code.com/categories/camping-tents.html","Camping Tents — Neutral Guide & Amazon Browse | Signup Code","Quick guide for Camping Tents: what to look for and how to choose. Browse on Amazon to check availability."